ABS,ABS,Abu Dhabi,Abu Dhabi - Al Meylas Lounge,EMEA,Bar,,1,1,1,1,1,1,1,1,1,73,2,Jan-18,100,
ABS,ABS,Abu Dhabi,Abu Dhabi - Butcher & Still,EMEA,Restaurant,,1,1,1,1,1,1,1,1,1,73,2,Jan-18,100,
ABS,ABS,Abu Dhabi,Abu Dhabi - Café Milano,EMEA,Restaurant,,1,1,1,1,1,1,1,1,1,73,2,Jan-18,100,
ABS,ABS,Abu Dhabi,Abu Dhabi - Crust,EMEA,Restaurant,,1,1,1,1,0,0.8,1,1,1,73,2,Jan-18,100,
ABS,ABS,Abu Dhabi,Abu Dhabi - Eclipse Terrace Lounge,EMEA,Bar,,1,1,1,1,1,1,1,1,1,73,2,Jan-18,100,
ABS,ABS,Abu Dhabi,Abu Dhabi - Zsa Zsa Lounge,EMEA,Bar,,1,0,1,1,0,0.6,1,1,1,73,2,Jan-18,100,
AIL,AIL,Anguilla,Anguilla - Bamboo,Americas,Restaurant,,0,1,0,0,0,0.2,1,1,1,81,2,Jan-18,100,
AIL,AIL,Anguilla,Anguilla - Coba,Americas,Restaurant,,1,1,0,1,1,0.8,1,1,1,81,2,Jan-18,100,
AIL,AIL,Anguilla,Anguilla - Half Shell,Americas,Restaurant,,1,1,1,1,1,1,1,1,1,81,2,Jan-18,100,
AIL,AIL,Anguilla,Anguilla - Sunset,Americas,Bar,,1,1,1,1,1,1,1,1,1,81,2,Jan-18,100,
ALX,ALX,Alexandria,Alexandria - Blue,EMEA,Bar,,1,1,0,0,0,0.4,1,1,0.5,74.4,0,Jan-00,100,
ALX,ALX,Alexandria,Alexandria - Byblos,EMEA,Restaurant,,1,0,0,0,0,0.2,1,1,0.5,74.4,0,Jan-00,100,
ALX,ALX,Alexandria,Alexandria - Fish,EMEA,Restaurant,,1,1,0,0,0,0.4,0,0.5,0.05,74.4,0,Jan-00,100,
ALX,ALX,Alexandria,Alexandria - Fresca,EMEA,Restaurant,,1,1,0,0,1,0.6,1,1,0.5,74.4,0,Jan-00,100,
ALX,ALX,Alexandria,Alexandria - Kala,EMEA,Restaurant,,1,0,0,0,0,0.2,1,1,0.5,74.4,0,Jan-00,100,
ALX,ALX,Alexandria,Alexandria - Le Bar,EMEA,Bar,,1,0,1,0,0,0.4,1,1,0.5,74.4,0,Jan-00,100,
ALX,ALX,Alexandria,Alexandria - Lobby Lounge,EMEA,Bar,,1,1,1,0,1,0.8,1,1,0.5,74.4,0,Jan-00,100,
ALX,ALX,Alexandria,Alexandria - Pool Bar & Grill,EMEA,Bar,,1,0,0,0,0,0.2,1,1,0.5,74.4,0,Jan-00,100,
ALX,ALX,Alexandria,Alexandria - Stefanos',EMEA,Restaurant,,1,0,0,0,0,0.2,1,1,0.5,74.4,0,Jan-00,100,
AMM,AMM,Amman,Amman - Five,EMEA,Restaurant,,1,1,1,0,1,0.8,1,1,1,55.6,2,Jan-18,100,
AMM,AMM,Amman,Amman - Foyer Lounge,EMEA,Bar,,1,1,1,0,1,0.8,1,1,0.8,55.6,1,Jan-10,100,
AMM,AMM,Amman,Amman - Olea Restaurant,EMEA,Restaurant,,0,0,0,0,0,0,1,1,1,55.6,2,Jan-18,100,
AMM,AMM,Amman,Amman - Sirr,EMEA,Bar,,1,1,1,1,1,1,1,1,1,55.6,2,Jan-18,100,
AMM,AMM,Amman,Amman -Le Capitale,EMEA,Restaurant,,1,1,1,1,1,1,1,1,1,55.6,2,Jan-18,100,
ATL,ATL,Atlanta,Atlanta - Bar Margot,Americas,Bar,,1,0,1,1,1,0.8,1,1,1,63.5,2,Jan-18,100,
AUS,AUS,Austin,Austin - Lobby Lounge,Americas,Bar,,0,0,0,0,0,0,1,1,0.5,78.4,0,Jan-00,100,
AUS,AUS,Austin,Austin - Trio,Americas,Restaurant,,0,1,0,1,1,0.6,1,1,0.5,78.4,0,Jan-00,100,
BAH,BAH,Bahrain,Bahrain - Bahrain Bay Kitchen,EMEA,Restaurant,,1,1,0,0,1,0.6,1,1,1,74.5,2,Jan-18,100,
BAH,BAH,Bahrain,Bahrain - Bay View Lounge,EMEA,Bar,,1,1,1,1,1,1,1,1,1,74.5,2,Jan-18,100,
BAH,BAH,Bahrain,Bahrain - Blue Moon Lounge,EMEA,Bar,,1,1,1,1,1,1,1,1,1,74.5,2,Jan-18,100,
BAH,BAH,Bahrain,Bahrain - CUT Bar & Lounge,EMEA,Bar,,1,1,1,1,1,1,1,1,1,74.5,2,Jan-18,100,
BAH,BAH,Bahrain,Bahrain - CUT by Wolfgang Puck,EMEA,Restaurant,,1,1,1,1,1,1,1,1,1,74.5,2,Jan-18,100,
BAH,BAH,Bahrain,Bahrain - Re Asian by Wolfgang Puck,EMEA,Restaurant,,1,1,1,1,1,1,1,1,1,74.5,2,Jan-18,100,
BAH,BAH,Bahrain,Bahrain - Vento & Azure,EMEA,Restaurant,,1,1,0,0,1,0.6,1,1,1,74.5,2,Jan-18,100,
BAH,BAH,Bahrain,Bahrain - WP Outside Catering,EMEA,Restaurant,,0,0,0,0,0,0,1,1,1,74.5,2,Jan-18,100,
BAL,BAL,Bali at Jimbaran,Bali at Jimbaran - Cooking School,APAC,Restaurant,,1,1,1,1,1,1,0.5,0.5,0.25,71.8,0,Jan-00,100,
BAL,BAL,Bali at Jimbaran,Bali at Jimbaran - Pool Terrace Café,APAC,Restaurant,,1,0,0,0,0,0.2,0.5,0.5,0.25,71.8,0,Jan-00,100,
BAL,BAL,Bali at Jimbaran,Bali at Jimbaran - Sundara,APAC,Restaurant,,1,1,1,1,1,1,1,1,1,71.8,2,Jan-18,100,
BAL,BAL,Bali at Jimbaran,Bali at Jimbaran - Taman Wantilan,APAC,Restaurant,,1,1,0,1,1,0.8,0.5,0.5,0.4,71.8,1,Jan-10,100,
BEI,BEI,Beirut,Beirut - Arabesque,EMEA,Bar,,1,1,1,0,1,0.8,1,1,0.5,62.3,0,Jan-00,100,
BEI,BEI,Beirut,Beirut - The Bar & Lounge,EMEA,Bar,,1,1,1,0,1,0.8,1,1,0.5,62.3,0,Jan-00,100,
BEI,BEI,Beirut,Beirut - The Grill Room,EMEA,Restaurant,,1,1,0,0,1,0.6,1,1,0.5,62.3,0,Jan-00,100,
BEI,BEI,Beirut,Beirut - The Roof,EMEA,Bar,,1,1,1,1,1,1,1,1,0.5,62.3,0,Jan-00,100,
BEJ,BEJ,Beijing,Beijing - Cai Yi Xuan,APAC,Restaurant,,1,1,1,1,1,1,1,1,1,78.2,2,Jan-18,100,
BEJ,BEJ,Beijing,Beijing - Executive Club,APAC,Bar,,0,0,0,0,0,0,1,1,1,78.2,2,Jan-18,100,
BEJ,BEJ,Beijing,Beijing - MIO,APAC,Restaurant,,1,1,1,1,1,1,1,1,1,78.2,2,Jan-18,100,
BEJ,BEJ,Beijing,Beijing - Opus Lounge,APAC,Bar,,0,0,0,1,0,0.2,1,1,1,78.2,2,Jan-18,100,
BEJ,BEJ,Beijing,Beijing - Tea Garden,APAC,Restaurant,,1,1,0,0,0,0.4,1,1,1,78.2,2,Jan-18,100,
BEV,BEV,Beverly Wilshire,Beverly Wilshire - CUT,Americas,Restaurant,,1,1,1,1,1,1,1,0.5,0.9,64.2,2,Jan-18,100,
BEV,BEV,Beverly Wilshire,Beverly Wilshire - Petit CUT,Americas,Restaurant,,1,1,1,1,1,1,1,0.5,0.9,64.2,2,Jan-18,100,
BEV,BEV,Beverly Wilshire,Beverly Wilshire - Sidebar,Americas,Bar,,0,0,0,0,0,0,1,0.5,0.9,64.2,2,Jan-18,100,
BEV,BEV,Beverly Wilshire,Beverly Wilshire - THEBlvd,Americas,Restaurant,,1,1,1,1,1,1,1,1,1,64.2,2,Jan-18,100,
BHA,BHA,Bogota Four Seasons,Bogota Four Seasons - Biblioteca,Americas,Restaurant,,0,0,0,0,0,0,1,1,1,74.3,2,Jan-18,100,
BHA,BHA,Bogota Four Seasons,Bogota Four Seasons - Nemo,Americas,Restaurant,,1,1,1,1,1,1,1,1,1,74.3,2,Jan-18,100,
BIH,BIH,Bogota Casa Medina,Bogota Casa Medina - Castanyoles,Americas,Restaurant,,0,0,0,0,0,0,1,1,1,65.6,2,Jan-18,100,
BKU,BKU,Baku,Baku - Bentley's Bar,EMEA,Bar,,1,1,0,1,1,0.8,1,1,1,80.4,2,Jan-18,100,
BKU,BKU,Baku,Baku - Piazza Lounge,EMEA,Bar,,1,1,0,0,1,0.6,1,1,1,80.4,2,Jan-18,100,
BKU,BKU,Baku,Baku - Zafferano Restaurant,EMEA,Restaurant,,1,1,0,0,1,0.6,1,1,1,80.4,2,Jan-18,100,
BLT,BLT,Baltimore,Baltimore - Wit & Wisdom,Americas,Restaurant,,1,1,1,1,1,1,1,1,0.8,83.2,1,Jan-10,100,
BLT,BLT,Baltimore,Baltimore - Wit & Wisdom Bar,Americas,Bar,,1,1,1,1,1,1,1,1,0.8,83.2,1,Jan-10,100,
BOC,BOC,Bahamas Ocean Club,Bahamas Ocean Club - Dune,Americas,Restaurant,,1,1,1,1,1,1,1,1,0.8,30.1,1,Jan-10,100,
BOC,BOC,Bahamas Ocean Club,Bahamas Ocean Club - Dune Bar,Americas,Bar,,1,1,1,1,1,1,1,1,0.8,30.1,1,Jan-10,100,
BOC,BOC,Bahamas Ocean Club,Bahamas Ocean Club - Martini Bar and Lounge,Americas,Bar,,1,1,0,0,0,0.4,1,1,0.8,30.1,1,Jan-10,100,
BOC,BOC,Bahamas Ocean Club,Bahamas Ocean Club - Ocean,Americas,Restaurant,,0,0,0,0,0,0,1,1,0.8,30.1,1,Jan-10,100,
BOP,BOP,Istanbul - Bosphorus,Istanbul - Bosphorus - Aqua,EMEA,Restaurant,,0,0,0,0,0,0,1,1,0.8,79,1,Jan-10,100,
BOP,BOP,Istanbul - Bosphorus,Istanbul - Bosphorus - Lounge,EMEA,Bar,,1,0,0,0,1,0.4,0,1,0.2,79,2,Jan-18,100,
BOR,BOR,Bora Bora,Bora Bora - Arii Moana,Americas,Restaurant,,0,1,0,0,0,0.2,1,1,0.8,80.2,1,Jan-10,100,
BOR,BOR,Bora Bora,Bora Bora - Fare Hoa,Americas,Bar,,0,1,0,0,0,0.2,1,1,1,80.2,2,Jan-18,100,
BOR,BOR,Bora Bora,Bora Bora - Sunset Bar,Americas,Bar,,0,1,0,0,0,0.2,1,1,0.8,80.2,1,Jan-10,100,
BOR,BOR,Bora Bora,Bora Bora - Tere Nui,Americas,Restaurant,,0,1,0,0,0,0.2,1,1,0.8,80.2,1,Jan-10,100,
BOS,BOS,Boston,Boston - Bristol,Americas,Restaurant,,0,0,0,0,0,0,1,1,0.8,79.3,1,Jan-10,100,
BOS,BOS,Boston,Boston - Bristol Bar,Americas,Bar,,0,0,0,0,0,0,1,1,0.8,79.3,1,Jan-10,100,
BUD,BUD,Budapest,Budapest - Kollazs,EMEA,Restaurant,,1,1,1,1,1,1,1,1,1,88.3,2,Jan-18,100,
BUD,BUD,Budapest,Budapest - Kollazs Bar,EMEA,Bar,,1,1,1,1,1,1,1,1,1,88.3,2,Jan-18,100,
BUD,BUD,Budapest,Budapest - Lobby Bar,EMEA,Bar,,1,0,0,1,1,0.6,1,1,1,88.3,0,Jan-00,100,
BUE,BUE,Buenos Aires,Buenos Aires - Elena,Americas,Restaurant,,1,1,1,1,1,1,1,1,0.8,79.2,1,Jan-10,100,
BUE,BUE,Buenos Aires,Buenos Aires - Nuestro Secreto,Americas,Restaurant,,1,1,0,0,0,0.4,1,1,0.8,79.2,1,Jan-10,100,
BUE,BUE,Buenos Aires,Buenos Aires - Pony Line,Americas,Bar,,1,1,1,1,1,1,1,1,0.8,79.2,1,Jan-10,100,
CAF,CAF,Cairo - First Residence,Cairo - First Residence - Aura,EMEA,Restaurant,,1,1,1,1,1,1,1,1,1,74,2,Jan-18,100,
CAF,CAF,Cairo - First Residence,Cairo - First Residence - La Gourmandise,EMEA,Restaurant,,1,1,1,1,1,1,,,0,74,0,Jan-00,100,
CAF,CAF,Cairo - First Residence,Cairo - First Residence - Tea Lounge,EMEA,Bar,,1,0,0,0,1,0.4,1,1,0.5,74,0,Jan-00,100,
CAI,CAI,Cairo - Nile Plaza,Cairo - Nile Plaza - Bella,EMEA,Restaurant,,1,0,1,0,0,0.4,1,1,0.8,58.3,1,Jan-10,100,
CAI,CAI,Cairo - Nile Plaza,Cairo - Nile Plaza - Beymen Café,EMEA,Restaurant,,1,1,0,0,0,0.4,0,0.5,0.05,58.3,0,Jan-00,100,
CAI,CAI,Cairo - Nile Plaza,Cairo - Nile Plaza - Eight,EMEA,Restaurant,,1,1,1,1,1,1,1,1,1,58.3,2,Jan-18,100,
CAI,CAI,Cairo - Nile Plaza,Cairo - Nile Plaza - Lobby Lounge,EMEA,Bar,,1,1,1,0,1,0.8,1,1,0.8,58.3,1,Jan-10,100,
CAI,CAI,Cairo - Nile Plaza,Cairo - Nile Plaza - The Bar,EMEA,Bar,,1,0,0,0,0,0.2,1,1,0.5,58.3,0,Jan-00,100,
CAI,CAI,Cairo - Nile Plaza,Cairo - Nile Plaza - Upper Deck,EMEA,Bar,,1,1,1,1,1,1,0,0.5,0.1,58.3,2,Jan-18,100,
CAI,CAI,Cairo - Nile Plaza,Cairo - Nile Plaza - Zitouni,EMEA,Restaurant,,1,0,0,0,1,0.4,1,1,0.5,58.3,0,Jan-00,100,
CBL,CBL,Casablanca,Casablanca - Bleu Restaurant and Bar,EMEA,Bar,,1,1,1,1,1,1,1,1,1,59.9,2,Jan-18,100,
CBL,CBL,Casablanca,Casablanca - Latitude33,EMEA,Restaurant,,1,1,1,1,1,1,1,1,1,59.9,2,Jan-18,100,
CBL,CBL,Casablanca,Casablanca - Mint,EMEA,Bar,,1,1,1,1,1,1,1,1,1,59.9,2,Jan-18,100,
CFS,CFS,Chicago,Chicago - Allium,Americas,Restaurant,,1,0,0,1,1,0.6,1,1,0.8,80.4,1,Jan-10,100,
CHI,CHI,Chiang Mai,Chiang Mai - Ratree Bar,APAC,Bar,,0,0,0,1,1,0.4,1,1,0.5,81.6,0,Jan-00,100,
CHI,CHI,Chiang Mai,Chiang Mai - Rim Tai Kitchen,APAC,Restaurant,,1,1,1,1,1,1,1,1,0.5,81.6,0,Jan-00,100,
CHI,CHI,Chiang Mai,Chiang Mai - Terraces,APAC,Restaurant,,0,0,0,0,0,0,0,0,0,81.6,0,Jan-00,100,
CHI,CHI,Chiang Mai,KHAO,APAC,Restaurant,,1,1,1,1,1,1,1,1,0.5,81.6,0,Jan-00,100,
CHR,CHR,Chiang Rai,Chiang Rai/Golden Triangle Tented Camp - Burma Bar,APAC,Bar,,1,1,1,1,1,1,1,0.5,0.72,0,1,Jan-10,100,
CHR,CHR,Chiang Rai,Chiang Rai/Golden Triangle Tented Camp - Nong Yao,APAC,Restaurant,,1,1,1,1,1,1,1,0.5,0.72,0,1,Jan-10,100,
CHR,CHR,Chiang Rai,Chiang Rai/Golden Triangle Tented Camp - Wine Cellar,APAC,Bar,,1,1,1,1,1,1,1,0.5,0.72,0,1,Jan-10,100,
COS,COS,Costa Rica,Costa Rica - Caracol (Golf Club),Americas,Restaurant,,1,1,1,0,0,0.6,1,1,0.8,75.6,1,Jan-10,100,
COS,COS,Costa Rica,Costa Rica - Cena Sociale,Americas,Restaurant,,1,1,0,1,0,0.6,1,1,1,75.6,2,Jan-18,100,
COS,COS,Costa Rica,Costa Rica - Sol y Sombra,Americas,Restaurant,,1,1,1,1,1,1,1,1,0.8,75.6,1,Jan-10,100,
COS,COS,Costa Rica,Costa Rica - Ticos,Americas,Bar,,1,1,1,1,1,1,1,1,1,75.6,2,Jan-18,100,
DAM,DAM,Damascus,Damascus - Elements,EMEA,Restaurant,,1,1,0,0,1,0.6,0,0,0,0,2,Jan-18,100,
DCC,DCC,Dallas,Dallas - Agave,Americas,Bar,,0,0,0,0,0,0,0,0,0,81.8,1,Jan-10,100,
DCC,DCC,Dallas,Dallas - LAW,Americas,Restaurant,,1,1,1,1,1,1,1,1,1,81.8,2,Jan-18,100,
DCC,DCC,Dallas,Dallas - OutLAW,Americas,Bar,,1,1,0,0,0,0.4,1,1,1,81.8,2,Jan-18,100,
DCC,DCC,Dallas,Dallas - Racquets,Americas,Restaurant,,0,0,0,0,0,0,1,1,0.5,81.8,0,Jan-00,100,
DEN,DEN,Denver,Denver - Edge,Americas,Restaurant,,1,1,1,1,1,1,1,1,0.8,73.4,1,Jan-10,100,
DEN,DEN,Denver,Denver - Edge Bar,Americas,Bar,,1,1,0,0,1,0.6,1,1,0.8,73.4,1,Jan-10,100,
DEN,DEN,Denver,Denver - Pool Bar,Americas,Bar,,0,0,0,0,0,0,1,1,0.8,73.4,1,Jan-10,100,
DIF,DIF,Dubai at DIFC,Dubai at DIFC - Diner,EMEA,Restaurant,,1,1,1,1,1,1,1,1,1,58,2,Jan-18,100,
DIF,DIF,Dubai at DIFC,Dubai at DIFC - Sky Bar,EMEA,Bar,,1,1,1,1,1,1,1,1,1,58,2,Jan-18,100,
DIF,DIF,Dubai at DIFC,Dubai at DIFC - Tea Lounge,EMEA,Bar,,1,1,1,1,1,1,1,1,1,58,2,Jan-18,100,
DJB,DJB,Dubai Jumeirah ,Dubai - Hendricks,EMEA,Bar,,1,1,1,1,1,1,1,1,1,75.7,2,Jan-18,100,
DJB,DJB,Dubai Jumeirah ,Dubai - Mercury Lounge,EMEA,Bar,,1,1,1,1,1,1,1,1,1,75.7,2,Jan-18,100,
DJB,DJB,Dubai Jumeirah ,Dubai - Pool & Beach,EMEA,Bar,,1,1,1,0,1,0.8,1,1,1,75.7,2,Jan-18,100,
DJB,DJB,Dubai Jumeirah ,Dubai - SeaFu & Terrace,EMEA,Restaurant,,1,1,1,1,1,1,1,1,1,75.7,2,Jan-18,100,
DJB,DJB,Dubai Jumeirah ,Dubai - Shai Salon,EMEA,Restaurant,,1,1,1,1,1,1,1,1,1,75.7,2,Jan-18,100,
DJB,DJB,Dubai Jumeirah ,Dubai - Suq,EMEA,Restaurant,,1,0,0,0,0,0.2,1,1,1,75.7,2,Jan-18,100,
DOH,DOH,Doha,Doha - Arabica,EMEA,Bar,,1,1,1,0,1,0.8,1,1,1,73.8,2,Jan-18,100,
DOH,DOH,Doha,Doha - Elements,EMEA,Restaurant,,1,1,1,1,1,1,1,1,1,73.8,2,Jan-18,100,
DOH,DOH,Doha,Doha - Il Teatro,EMEA,Restaurant,,1,0,0,0,0,0.2,1,1,0.5,73.8,0,Jan-00,100,
DOH,DOH,Doha,Doha - Library Bar,EMEA,Bar,,1,0,1,0,0,0.4,1,1,0.5,73.8,0,Jan-00,100,
DOH,DOH,Doha,Doha - NOBU,EMEA,Restaurant,,1,1,1,1,1,1,1,1,1,73.8,2,Jan-18,100,
DOH,DOH,Doha,Doha - Pool Bar and Grill,EMEA,Bar,,1,1,0,0,1,0.6,1,1,0.5,73.8,0,Jan-00,100,
DOH,DOH,Doha,Doha - Seasons Tea Lounge,EMEA,Bar,,1,1,0,0,1,0.6,1,1,0.5,73.8,0,Jan-00,100,
FLO,FLO,Florence,Florence - Al Fresco,EMEA,Restaurant,,1,1,1,1,1,1,1,1,1,85.4,1,Jan-10,100,
FLO,FLO,Florence,Florence - Atrium Bar,EMEA,Bar,,1,1,1,1,1,1,1,1,1,85.4,1,Jan-10,100,
FLO,FLO,Florence,Florence - Il Palagio,EMEA,Restaurant,,1,1,1,1,1,1,1,1,1,85.4,1,Jan-10,100,
GEN,GEN,Geneva,Geneva - Bar des Bergues,EMEA,Restaurant,,1,1,1,1,1,1,1,1,1,83.7,1,Jan-10,100,
GEN,GEN,Geneva,Geneva - Il Lago,EMEA,Restaurant,,1,1,1,1,1,1,1,1,1,83.7,2,Jan-18,100,
GEN,GEN,Geneva,Geneva - Izumi,EMEA,Restaurant,,1,1,1,1,1,1,0,0,0,83.7,2,Jan-18,100,
GHF,GHF,Grand Hotel Du Cap Ferrat,Grand Hotel Du Cap Ferrat - Club Dauphin,EMEA,Restaurant,,1,1,0,1,1,0.8,0.5,1,0.48,93.1,1,Jan-10,100,
GHF,GHF,Grand Hotel Du Cap Ferrat,Grand Hotel Du Cap Ferrat - La Veranda,EMEA,Restaurant,,1,1,0,1,1,0.8,0.5,1,0.48,93.1,1,Jan-10,100,
GHF,GHF,Grand Hotel Du Cap Ferrat,Grand Hotel Du Cap Ferrat - Le Bar,EMEA,Bar,,1,0,0,0,1,0.4,0.5,1,0.48,93.1,1,Jan-10,100,
GHF,GHF,Grand Hotel Du Cap Ferrat,Grand Hotel Du Cap Ferrat - Le Cap,EMEA,Restaurant,,1,1,0,1,1,0.8,0.5,1,0.48,93.1,1,Jan-10,100,
GUA,GUA,Guangzhou,Guangzhou - Caffe Mondo,APAC,Restaurant,,1,1,1,1,1,1,1,1,1,65.2,2,Jan-18,100,
GUA,GUA,Guangzhou,Guangzhou - Catch,APAC,Restaurant,,0,0,0,0,0,0,1,1,1,65.2,2,Jan-18,100,
GUA,GUA,Guangzhou,Guangzhou - Dolcetto,APAC,Bar,,1,1,1,0,1,0.8,1,1,1,65.2,2,Jan-18,100,
GUA,GUA,Guangzhou,Guangzhou - Kumoi,APAC,Restaurant,,1,0,0,0,0,0.2,1,1,1,65.2,2,Jan-18,100,
GUA,GUA,Guangzhou,Guangzhou - The Atrium,APAC,Restaurant,,0,0,1,0,0,0.2,1,1,1,65.2,2,Jan-18,100,
GUA,GUA,Guangzhou,Guangzhou - Tian Bar,APAC,Bar,,0,0,1,1,0,0.4,1,1,1,65.2,2,Jan-18,100,
GUA,GUA,Guangzhou,Guangzhou - Yu Yue Heen,APAC,Restaurant,,1,0,1,1,1,0.8,1,1,1,65.2,2,Jan-18,100,
HAM,HAM,Hampshire,Hampshire - Café Sante,EMEA,Restaurant,,1,0,1,0,0,0.4,1,1,0.5,57,0,Jan-00,100,
HAM,HAM,Hampshire,Hampshire - The Library,EMEA,Bar,,1,1,1,1,1,1,1,1,1,57,2,Jan-18,100,
HAM,HAM,Hampshire,Hampshire - Wild Carrot,EMEA,Restaurant,,1,1,1,1,1,1,1,1,1,57,2,Jan-18,100,
HAM,HAM,Hampshire,Hampshire - Wild Carrot Bar,EMEA,Bar,,1,1,1,1,1,1,1,1,1,57,2,Jan-18,100,
HAN,HAN,Hangzhou,Hangzhou - Jin Sha,APAC,Restaurant,,1,1,1,1,1,1,1,1,0.8,77,1,Jan-10,100,
HAN,HAN,Hangzhou,Hangzhou - KTV,APAC,Bar,,0,0,0,0,0,0,1,0,0.64,77,1,Jan-10,100,
HAN,HAN,Hangzhou,Hangzhou - LBFS,APAC,0,,0,0,0,0,0,0,1,1,0.8,77,1,Jan-10,100,
HAN,HAN,Hangzhou,Hangzhou - Lobby Lounge,APAC,Bar,,0,0,0,0,0,0,1,1,0.8,77,1,Jan-10,100,
HAN,HAN,Hangzhou,Hangzhou - WLB,APAC,Restaurant,,0,0,0,0,0,0,1,1,0.8,77,1,Jan-10,100,
HFS,HFS,Houston Centre,Houston Centre - Bayou & Bottle,Americas,Bar,,1,1,1,1,1,1,1,1,1,63,2,Jan-18,100,
HFS,HFS,Houston Centre,Houston Centre - Lobby Lounge,Americas,Bar,,1,1,0,0,0,0.4,1,1,1,63,2,Jan-18,100,
HFS,HFS,Houston Centre,Houston Centre - Quattro,Americas,Restaurant,,1,0,0,0,0,0.2,0,0,0,63,0,Jan-00,100,
HKG,HKG,Hong Kong Hotel,Hong Kong Hotel - Blue Bar,APAC,Bar,,0,1,1,1,0,0.6,1,1,0.5,73.5,0,Jan-00,100,
HKG,HKG,Hong Kong Hotel,Hong Kong Hotel - Caprice,APAC,Restaurant,,1,1,1,1,1,1,1,1,0.8,73.5,1,Jan-10,100,
HKG,HKG,Hong Kong Hotel,Hong Kong Hotel - Caprice Bar,APAC,Bar,,1,1,1,1,1,1,1,1,0.8,73.5,1,Jan-10,100,
HKG,HKG,Hong Kong Hotel,Hong Kong Hotel - Lung King Heen,APAC,Restaurant,,1,1,1,1,1,1,1,1,0.5,73.5,0,Jan-00,100,
HKG,HKG,Hong Kong Hotel,Hong Kong Hotel - The Lounge,APAC,Bar,,0,1,1,1,1,0.8,1,1,0.5,73.5,0,Jan-00,100,
IST,IST,Istanbul - Sultanahmet,Istanbul - Sultanahmet - A'ya Bar,EMEA,Bar,,1,0,0,0,0,0.2,0,0,0,87.2,0,Jan-00,100,
IST,IST,Istanbul - Sultanahmet,Istanbul - Sultanahmet - Lounge,EMEA,Bar,,1,0,0,0,0,0.2,0,0,0,87.2,0,Jan-00,100,
IST,IST,Istanbul - Sultanahmet,Istanbul - Sultanahmet - Seasons,EMEA,Restaurant,,1,0,0,0,0,0.2,0,0,0,87.2,0,Jan-00,100,
JAC,JAC,Jackson Hole,Jackson Hole - Ascent Lounge,Americas,Bar,,1,1,0,0,0,0.4,1,1,0.5,76.6,0,Jan-00,100,
JAC,JAC,Jackson Hole,Jackson Hole - The Handle Bar,Americas,Bar,,1,1,1,1,1,1,0.5,1,0.6,76.6,2,Jan-18,100,
JAC,JAC,Jackson Hole,Jackson Hole - Westbank Grill,Americas,Restaurant,,1,1,0,0,0,0.4,1,1,0.5,76.6,0,Jan-00,100,
JBG,JBG,Johannesburg,Johannesburg - Deli,EMEA,Restaurant,,1,0,1,1,0,0.6,1,0.5,0.9,64.7,2,Jan-18,100,
JBG,JBG,Johannesburg,Johannesburg - Flame,EMEA,Restaurant,,1,0,1,1,1,0.8,1,0.5,0.9,64.7,2,Jan-18,100,
JBG,JBG,Johannesburg,Johannesburg - View,EMEA,Restaurant,,1,1,1,1,1,1,1,0.5,0.9,64.7,2,Jan-18,100,
JKR,JKR,Jakarta,Jakarta - Alto,APAC,Restaurant,,1,1,1,1,1,1,0.5,0.5,0.5,75.1,2,Jan-18,100,
JKR,JKR,Jakarta,Jakarta - Dolcetto,APAC,Restaurant,,1,1,1,1,1,1,0.5,0.5,0.5,75.1,2,Jan-18,100,
JKR,JKR,Jakarta,Jakarta - La Patisserie,APAC,Bar,,0,0,1,1,0,0.4,0.5,0.5,0.5,75.1,2,Jan-18,100,
JKR,JKR,Jakarta,Jakarta - Nautilus,APAC,Bar,,1,1,1,1,1,1,0.5,0.5,0.5,75.1,2,Jan-18,100,
JKR,JKR,Jakarta,Jakarta - Palm Court,APAC,Restaurant,,1,0,1,1,1,0.8,0.5,0.5,0.5,75.1,2,Jan-18,100,
KOH,KOH,Koh Samui,Koh Samui - Beach House,APAC,Restaurant,,0,1,0,1,1,0.6,1,0.5,0.72,82.7,1,Jan-10,100,
KOH,KOH,Koh Samui,Koh Samui - CoCoRum,APAC,Restaurant,,1,1,1,1,1,1,1,0.5,0.72,82.7,1,Jan-10,100,
KOH,KOH,Koh Samui,Koh Samui - KOH Thai Kitchen & Bar,APAC,Restaurant,,1,1,1,1,1,1,1,0.5,0.72,82.7,1,Jan-10,100,
KOH,KOH,Koh Samui,Koh Samui - Pla Pla,APAC,Restaurant,,1,0,0,1,0,0.4,1,0.5,0.72,82.7,1,Jan-10,100,
KON,KON,Kona,Kona - Beach House,Americas,Restaurant,,1,1,1,1,0,0.8,1,1,0.8,71.7,1,Jan-10,100,
KON,KON,Kona,Kona - Beach Tree,Americas,Restaurant,,1,1,1,1,0,0.8,1,1,0.8,71.7,1,Jan-10,100,
KON,KON,Kona,Kona - Canoe Club,Americas,Restaurant,,0,0,0,0,0,0,1,1,0.8,71.7,1,Jan-10,100,
KON,KON,Kona,Kona - Coffee Co,Americas,Restaurant,,0,0,0,0,0,0,0,1,0.16,71.7,1,Jan-10,100,
KON,KON,Kona,Kona - Hualalai Grille,Americas,Restaurant,,1,1,1,0,0,0.6,0,1,0.16,71.7,1,Jan-10,100,
KON,KON,Kona,Kona - Ulu,Americas,Restaurant,,1,1,1,1,0,0.8,1,1,1,71.7,2,Jan-18,100,
KON,KON,Kona,Kona - Ulu Lounge,Americas,Bar,,1,1,1,0,0,0.6,1,1,1,71.7,2,Jan-18,100,
KUW,KUW,Kuwait,Kuwait - Al-Bandar,EMEA,Bar,,1,1,1,1,1,1,1,1,1,64,2,Jan-18,100,
KUW,KUW,Kuwait,Kuwait - Al-Soor,EMEA,Bar,,1,1,1,1,1,1,1,1,1,64,2,Jan-18,100,
KUW,KUW,Kuwait,Kuwait - Dai Forni,EMEA,Restaurant,,1,1,1,1,1,1,1,1,1,64,2,Jan-18,100,
KUW,KUW,Kuwait,Kuwait - Elements,EMEA,Restaurant,,1,1,1,1,1,1,1,1,1,64,2,Jan-18,100,
KUW,KUW,Kuwait,Kuwait - Sintoho,EMEA,Restaurant,,1,1,1,1,1,1,1,1,1,64,2,Jan-18,100,
KYO,KYO,Kyoto,Kyoto - Brasserie,APAC,Restaurant,,1,0,1,1,1,0.8,1,1,1,60.1,2,Jan-18,100,
KYO,KYO,Kyoto,Kyoto - Tea House,APAC,Restaurant,,1,1,1,1,1,1,1,1,1,60.1,2,Jan-18,100,
KYO,KYO,Kyoto,Kyoto - The Lounge,APAC,Bar,,1,1,1,1,1,1,1,1,1,60.1,2,Jan-18,100,
LAN,LAN,Langkawi,Langkawi - Ikan-Ikan,APAC,Restaurant,,1,0,0,1,0,0.4,0,0.5,0.08,71.1,1,Jan-10,100,
LAN,LAN,Langkawi,Langkawi - Kelapa Grill,APAC,Restaurant,,0,1,0,1,0,0.4,1,0.5,0.9,71.1,2,Jan-18,100,
LAN,LAN,Langkawi,Langkawi - Rhu Bar,APAC,Bar,,1,0,0,1,0,0.4,1,0.5,0.9,71.1,2,Jan-18,100,
LAN,LAN,Langkawi,Langkawi - Serai,APAC,Restaurant,,1,1,0,0,0,0.4,1,0.5,0.9,71.1,2,Jan-18,100,
LAX,LAX,Los Angeles,Los Angeles - Cabana Restaurant,Americas,Restaurant,,0,0,0,0,0,0,1,0.5,0.72,81,1,Jan-10,100,
LAX,LAX,Los Angeles,Los Angeles - Culina Modern Italian,Americas,Restaurant,,1,1,0,1,1,0.8,1,1,1,81,2,Jan-18,100,
LAX,LAX,Los Angeles,Los Angeles - Windows Lounge,Americas,Bar,,0,0,0,0,1,0.2,1,1,0.8,81,1,Jan-10,100,
LIS,LIS,Lisbon,Lisbon - Piano Bar,EMEA,Bar,,1,0,0,0,0,0.2,0,0,0,71.9,0,Jan-00,100,
LIS,LIS,Lisbon,Lisbon - Varanda,EMEA,Restaurant,,1,0,0,0,0,0.2,0,0,0,71.9,0,Jan-00,100,
LON,LON,London,London - Amaranto Bar,EMEA,Bar,,1,1,0,1,1,0.8,1,1,0.8,79.7,1,Jan-10,100,
LON,LON,London,London - Amaranto Lounge,EMEA,Bar,,1,0,0,0,0,0.2,1,1,0.8,79.7,1,Jan-10,100,
LON,LON,London,London - Amaranto Restaurant,EMEA,Restaurant,,1,0,0,0,0,0.2,1,1,0.8,79.7,1,Jan-10,100,
MAC,MAC,Macau,Macau - Bar Azul,APAC,Bar,,0,0,0,0,0,0,1,0.5,0.45,78.9,0,Jan-00,100,
MAC,MAC,Macau,Macau - Belcancao,APAC,Restaurant,,1,0,1,1,1,0.8,1,0.5,0.45,78.9,0,Jan-00,100,
MAC,MAC,Macau,Macau - Splash,APAC,Restaurant,,1,1,0,1,1,0.8,1,0.5,0.72,78.9,1,Jan-10,100,
MAC,MAC,Macau,Macau - Windows,APAC,Bar,,1,1,1,1,0,0.8,1,0.5,0.72,78.9,1,Jan-10,100,
MAC,MAC,Macau,Macau - Zi Yat Heen,APAC,Restaurant,,1,0,1,1,1,0.8,1,0.5,0.72,78.9,1,Jan-10,100,
MAL,MAL,Maldives - Kuda Huraa,Maldives - Kuda Huraa - Baraabaru,APAC,Restaurant,,1,1,0,1,1,0.8,1,0.5,0.45,84.8,0,Jan-00,100,
MAL,MAL,Maldives - Kuda Huraa,Maldives - Kuda Huraa - Café Huraa,APAC,Restaurant,,0,0,1,1,0,0.4,1,0.5,0.45,84.8,0,Jan-00,100,
MAL,MAL,Maldives - Kuda Huraa,Maldives - Kuda Huraa - Kandu Grill,APAC,Restaurant,,1,0,0,1,0,0.4,1,0.5,0.45,84.8,0,Jan-00,100,
MAL,MAL,Maldives - Kuda Huraa,Maldives - Kuda Huraa - Reef Club,APAC,Restaurant,,0,0,0,0,0,0,1,0.5,0.45,84.8,0,Jan-00,100,
MAL,MAL,Maldives - Kuda Huraa,Maldives - Kuda Huraa - Sunset Lounge,APAC,Bar,,1,0,1,1,1,0.8,1,0.5,0.45,84.8,0,Jan-00,100,
MAN,MAN,Lanai - Manele,Lanai - Manele - Bakery,Americas,Restaurant,,0,0,0,1,0,0.2,1,1,1,79.5,2,Jan-18,100,
MAN,MAN,Lanai - Manele,Lanai - Manele - Kope,Americas,Bar,,1,0,0,1,0,0.4,1,1,1,79.5,2,Jan-18,100,
MAN,MAN,Lanai - Manele,Lanai - Manele - Nobu,Americas,Restaurant,,1,1,1,1,1,1,1,1,1,79.5,2,Jan-18,100,
MAN,MAN,Lanai - Manele,Lanai - Manele - One Forty,Americas,Restaurant,,1,1,0,1,1,0.8,1,1,1,79.5,2,Jan-18,100,
MAN,MAN,Lanai - Manele,Lanai - Manele - The Sports Bar,Americas,Bar,,0,0,0,0,0,0,1,1,1,79.5,2,Jan-18,100,
MAN,MAN,Lanai - Manele,Lanai - Manele - Views (Manele Golf),Americas,Restaurant,,0,0,0,0,0,0,0,0,0,79.5,2,Jan-18,100,
MAR,MAR,Tokyo at Marunouchi,Tokyo at Marunouchi - Bar,APAC,Bar,,1,1,1,1,1,1,1,1,1,63.1,2,Jan-18,100,
MAR,MAR,Tokyo at Marunouchi,Tokyo at Marunouchi - Motif,APAC,Restaurant,,1,1,0,1,1,0.8,1,1,1,63.1,2,Jan-18,100,
MAS,MAS,Mauritius,Mauritius - Acquapazza,EMEA,Restaurant,,1,1,0,1,1,0.8,1,1,0.8,58.9,1,Jan-10,100,
MAS,MAS,Mauritius,Mauritius - Bambou,EMEA,Restaurant,,1,1,0,1,1,0.8,1,1,0.8,58.9,1,Jan-10,100,
MAS,MAS,Mauritius,Mauritius - Beau Champ,EMEA,Restaurant,,1,1,0,1,1,0.8,1,1,0.8,58.9,1,Jan-10,100,
MAS,MAS,Mauritius,Mauritius - IL FORNO,EMEA,Restaurant,,1,1,0,0,1,0.6,1,1,0.8,58.9,1,Jan-10,100,
MAS,MAS,Mauritius,Mauritius - O Bar,EMEA,Bar,,1,0,0,0,0,0.2,1,1,0.8,58.9,1,Jan-10,100,
MAU,MAU,Maui,Maui - DUO,Americas,Restaurant,,1,1,1,1,0,0.8,1,1,0.5,76.2,0,Jan-00,100,
MAU,MAU,Maui,Maui - Ferraro's,Americas,Restaurant,,1,1,1,1,0,0.8,1,1,0.5,76.2,0,Jan-00,100,
MAU,MAU,Maui,Maui - Lobby Lounge,Americas,Bar,,0,0,0,0,0,0,1,1,1,76.2,2,Jan-18,100,
MAU,MAU,Maui,Maui - Snorkel's,Americas,0,,0,0,0,0,0,0,1,1,0.5,76.2,0,Jan-00,100,
MEX,MEX,Mexico City,Mexico City - Fifty Mils,Americas,Bar,,1,1,1,1,1,1,1,1,1,78.2,2,Jan-18,100,
MEX,MEX,Mexico City,Mexico City - Pan Dulce,Americas,Bar,,1,1,1,1,0,0.8,1,1,1,78.2,2,Jan-18,100,
MEX,MEX,Mexico City,Mexico City - Reforma 500,Americas,Restaurant,,0,0,0,0,0,0,1,1,1,78.2,2,Jan-18,100,
MFL,MFL,Surf Club,Surf Club - Champagne Bar,Americas,Bar,,1,1,1,1,1,1,1,1,1,70.3,2,Jan-18,100,
MFL,MFL,Surf Club,Surf Club - Le Sirenuse,Americas,Restaurant,,1,1,1,1,1,1,1,1,1,70.3,2,Jan-18,100,
MFL,MFL,Surf Club,Surf Club - Pool & Beach,Americas,Bar,,1,1,1,1,1,1,1,1,1,70.3,2,Jan-18,100,
MIA,MIA,Miami,Miami - Bahia,Americas,Restaurant,,0,0,0,0,0,0,1,1,1,71.3,2,Jan-18,100,
MIA,MIA,Miami,Miami - Edge,Americas,Restaurant,,1,0,0,0,1,0.4,1,1,1,71.3,2,Jan-18,100,
MIA,MIA,Miami,Miami - Edge Bar,Americas,Bar,,1,0,0,0,1,0.4,1,1,1,71.3,2,Jan-18,100,
MIL,MIL,Milan,Milan - Foyer Garden,EMEA,Bar,,1,1,1,1,1,1,1,1,0.5,78.1,0,Jan-00,100,
MIL,MIL,Milan,Milan (Regent Mgmt) - Foyer,EMEA,Bar,,0,0,0,0,0,0,1,1,0.5,78.1,0,Jan-00,100,
MIL,MIL,Milan,Milan (Regent Mgmt) - Veranda,EMEA,Restaurant,,1,0,0,1,0,0.4,1,1,0.5,78.1,0,Jan-00,100,
MLG,MLG,Maldives - Landaa Giraavaru,Maldives - Landaa Giraavaru - Al Barakat,APAC,Restaurant,,1,0,1,1,1,0.8,1,0.5,0.45,83,0,Jan-00,100,
MLG,MLG,Maldives - Landaa Giraavaru,Maldives - Landaa Giraavaru - Blu,APAC,Restaurant,,1,0,0,1,1,0.6,1,0.5,0.45,83,0,Jan-00,100,
MLG,MLG,Maldives - Landaa Giraavaru,Maldives - Landaa Giraavaru - Café'Landaa,APAC,Restaurant,,1,1,0,0,1,0.6,1,0.5,0.45,83,0,Jan-00,100,
MLG,MLG,Maldives - Landaa Giraavaru,Maldives - Landaa Giraavaru - Fuego,APAC,Restaurant,,1,1,1,1,1,1,1,0.5,0.45,83,0,Jan-00,100,
MLG,MLG,Maldives - Landaa Giraavaru,Maldives - Landaa Giraavaru - Seabar,APAC,Bar,,1,1,1,1,1,1,1,0.5,0.45,83,0,Jan-00,100,
MOS,MOS,Moscow,Moscow - Amnis Pool Café,EMEA,Restaurant,,1,0,0,0,1,0.4,1,1,1,78,2,Jan-18,100,
MOS,MOS,Moscow,Moscow - Bystro,EMEA,Restaurant,,0,0,0,0,0,0,1,1,1,78,2,Jan-18,100,
MOS,MOS,Moscow,Moscow - Moskovsky Bar,EMEA,Bar,,1,1,0,0,1,0.6,1,1,1,78,2,Jan-18,100,
MOS,MOS,Moscow,Moscow - Quadrum,EMEA,Restaurant,,1,0,1,1,1,0.8,1,1,1,78,2,Jan-18,100,
MOS,MOS,Moscow,Moscow - Silk Lounge,EMEA,Bar,,1,1,1,1,1,1,1,1,1,78,2,Jan-18,100,
MRK,MRK,Marrakech,Marrakech - Azzera,EMEA,Restaurant,,1,1,0,0,1,0.6,1,1,0.8,75.9,1,Jan-10,100,
MRK,MRK,Marrakech,Marrakech - Inara,EMEA,Bar,,1,0,0,1,0,0.4,1,1,0.8,75.9,1,Jan-10,100,
MRK,MRK,Marrakech,Marrakech - Quattro,EMEA,Restaurant,,1,1,1,1,1,1,0,0,0,75.9,2,Jan-18,100,
MUM,MUM,Mumbai,Mumbai - AER,APAC,Bar,,1,0,1,1,1,0.8,1,1,0.8,59.8,1,Jan-10,100,
MUM,MUM,Mumbai,Mumbai - Café Prato,APAC,Restaurant,,0,0,0,0,0,0,1,1,0.5,59.8,0,Jan-00,100,
MUM,MUM,Mumbai,Mumbai - SanQi,APAC,Restaurant,,1,0,1,1,1,0.8,1,1,1,59.8,2,Jan-18,100,
MUM,MUM,Mumbai,Mumbai - The Club,APAC,Bar,,1,0,1,1,0,0.6,0,0,0,59.8,1,Jan-10,100,
MVE,MVE,Megeve,Megeve - Bar Edmond,EMEA,Bar,,1,1,1,1,1,1,1,1,1,62.1,2,Jan-18,100,
MVE,MVE,Megeve,Megeve - Cigar Room (6 seats),EMEA,Bar,,0,0,0,0,0,0,1,1,1,62.1,2,Jan-18,100,
MVE,MVE,Megeve,Megeve - Kaito,EMEA,Restaurant,,1,1,1,1,1,1,1,1,1,62.1,2,Jan-18,100,
MVE,MVE,Megeve,Megeve - Le 1920,EMEA,Restaurant,,1,1,1,1,1,1,1,1,1,62.1,2,Jan-18,100,
MVE,MVE,Megeve,Megeve - Lobby Lounge,EMEA,Bar,,1,1,0,0,1,0.6,1,1,1,62.1,2,Jan-18,100,
NEV,NEV,Nevis,Nevis - Cabana,Americas,Restaurant,,0,0,0,0,0,0,1,1,0.5,52.8,0,Jan-00,100,
NEV,NEV,Nevis,Nevis - Coral Grill,Americas,Restaurant,,0,0,0,0,0,0,1,1,0.5,52.8,0,Jan-00,100,
NEV,NEV,Nevis,Nevis - Library Bar,Americas,Bar,,0,0,0,0,0,0,1,1,0.5,52.8,0,Jan-00,100,
NEV,NEV,Nevis,Nevis - Mango,Americas,Restaurant,,1,1,0,0,0,0.4,1,1,0.5,52.8,0,Jan-00,100,
NEV,NEV,Nevis,Nevis - Neve,Americas,Restaurant,,0,0,0,0,0,0,1,1,0.5,52.8,0,Jan-00,100,
NMH,NMH,Nam Hai,Nam Hai - Bar,APAC,Bar,,0,0,0,1,0,0.2,1,0.5,0.9,71,2,Jan-18,100,
NMH,NMH,Nam Hai,Nam Hai - Beach Bar,APAC,Bar,,1,1,1,1,1,1,1,0.5,0.9,71,2,Jan-18,100,
NMH,NMH,Nam Hai,Nam Hai - Café Nam Hai,APAC,Restaurant,,0,0,1,1,0,0.4,1,0.5,0.9,71,2,Jan-18,100,
NMH,NMH,Nam Hai,Nam Hai - Cooking Academy,APAC,Restaurant,,1,1,1,1,1,1,1,0.5,0.9,71,2,Jan-18,100,
NMH,NMH,Nam Hai,Nam Hai - La Sen,APAC,Restaurant,,1,1,1,1,1,1,1,0.5,0.9,71,2,Jan-18,100,
NYD,NYD,New York Downtown,New York Downtown - CUT by Wolfgang Puck,Americas,Restaurant,,1,1,1,1,1,1,1,1,1,82.6,2,Jan-18,100,
NYF,NYF,New York,New York - The Garden,Americas,Restaurant,,0,0,0,0,0,0,0.5,0.5,0.5,71.5,2,Jan-18,100,
NYF,NYF,New York,New York - TY Bar,Americas,Bar,,1,1,0,0,1,0.6,0.5,0.5,0.5,71.5,2,Jan-18,100,
OAH,OAH,Ko Olina,Ko Olina - Fish House,Americas,Restaurant,,1,1,1,1,1,1,1,1,1,67.9,2,Jan-18,100,
OAH,OAH,Ko Olina,Ko Olina - Hokulea,Americas,Bar,,1,1,0,0,0,0.4,1,1,1,67.9,2,Jan-18,100,
OAH,OAH,Ko Olina,Ko Olina - La Hiki,Americas,Restaurant,,1,0,0,0,0,0.2,1,1,1,67.9,2,Jan-18,100,
OAH,OAH,Ko Olina,Ko Olina - Noe,Americas,Restaurant,,1,0,0,0,0,0.2,1,1,1,67.9,2,Jan-18,100,
OAH,OAH,Ko Olina,Ko Olina - Waterman,Americas,Bar,,1,1,0,0,0,0.4,1,1,1,67.9,2,Jan-18,100,
ORL,ORL,Orlando,Orlando - Capa,Americas,Restaurant,,1,1,0,0,1,0.6,1,1,1,79.8,2,Jan-18,100,
ORL,ORL,Orlando,Orlando - Capa Lounge,Americas,Bar,,1,1,0,0,1,0.6,1,1,1,79.8,2,Jan-18,100,
ORL,ORL,Orlando,Orlando - Lickety Split,Americas,Restaurant,,0,0,0,0,0,0,1,1,1,79.8,2,Jan-18,100,
ORL,ORL,Orlando,Orlando - Lobby Lounge,Americas,Bar,,0,0,0,0,0,0,1,1,1,79.8,2,Jan-18,100,
ORL,ORL,Orlando,Orlando - Plancha,Americas,Restaurant,,1,1,0,0,0,0.4,1,1,1,79.8,2,Jan-18,100,
ORL,ORL,Orlando,Orlando - Pool Bar & Grill,Americas,Bar,,0,0,0,0,0,0,1,1,1,79.8,2,Jan-18,100,
ORL,ORL,Orlando,Orlando - Ravello,Americas,Restaurant,,1,1,0,0,0,0.4,1,1,1,79.8,2,Jan-18,100,
PAL,PAL,Palo Alto,Palo Alto - ESC - Lobby Lounge,Americas,Bar,,0,0,0,0,0,0,1,1,1,66.1,2,Jan-18,100,
PAL,PAL,Palo Alto,Palo Alto - Quattro/Intermezzo - 3 Meal,Americas,Restaurant,,1,1,0,0,0,0.4,1,1,1,66.1,2,Jan-18,100,
PAR,PAR,Paris,Paris - Bar Galerie,EMEA,Restaurant,,1,1,1,1,1,1,1,1,1,81.4,2,Jan-18,100,
PAR,PAR,Paris,Paris - Le Cinq,EMEA,Restaurant,,1,1,1,1,1,1,1,1,1,81.4,2,Jan-18,100,
PAR,PAR,Paris,Paris - Le George,EMEA,Restaurant,,1,1,1,1,1,1,0,1,0.2,81.4,2,Jan-18,100,
PBF,PBF,Palm Beach,Palm Beach - Atlantic Bar & Grill,Americas,Bar,,0,0,0,0,0,0,1,1,0.5,54.8,0,Jan-00,100,
PBF,PBF,Palm Beach,Palm Beach - Graze,Americas,Restaurant,,0,0,0,0,0,0,1,1,1,54.8,2,Jan-18,100,
PBF,PBF,Palm Beach,Palm Beach - Jove,Americas,Restaurant,,0,0,0,0,0,0,1,1,1,54.8,2,Jan-18,100,
PBF,PBF,Palm Beach,Palm Beach - Jove Bar,Americas,Bar,,0,0,0,0,1,0.2,1,1,1,54.8,2,Jan-18,100,
PRG,PRG,Prague,Prague - CottoCrudo Bar,EMEA,Bar,,1,1,0,1,1,0.8,1,1,1,80.6,2,Jan-18,100,
PRG,PRG,Prague,Prague - CottoCrudo Restaurant,EMEA,Restaurant,,1,1,1,1,1,1,1,1,1,80.6,2,Jan-18,100,
PRG,PRG,Prague,Prague - Lobby Lounge,EMEA,Bar,,1,1,0,0,1,0.6,1,1,1,80.6,1,Jan-10,100,
PUD,PUD,Shanghai Pudong,Shanghai Pudong - Camelia,APAC,Restaurant,,0,0,0,1,0,0.2,1,1,1,64.1,2,Jan-18,100,
PUD,PUD,Shanghai Pudong,Shanghai Pudong - Shangxi,APAC,Restaurant,,1,1,1,1,1,1,1,1,1,64.1,2,Jan-18,100,
PUN,PUN,Punta Mita,Punta Mita - Aramara,Americas,Restaurant,,0,1,0,1,0,0.4,1,1,0.8,78,1,Jan-10,100,
PUN,PUN,Punta Mita,Punta Mita - Bahia,Americas,Restaurant,,1,1,1,1,1,1,1,1,0.5,78,0,Jan-00,100,
PUN,PUN,Punta Mita,Punta Mita - Cora Bar,Americas,Bar,,0,1,0,0,0,0.2,1,1,1,78,2,Jan-18,100,
PUN,PUN,Punta Mita,Punta Mita - Half Way House,Americas,Restaurant,,0,0,0,0,0,0,1,1,0.5,78,0,Jan-00,100,
PUN,PUN,Punta Mita,Punta Mita - Ketsi,Americas,Restaurant,,0,0,0,0,0,0,1,1,0.8,78,1,Jan-10,100,
PUN,PUN,Punta Mita,Punta Mita - Nuna,Americas,Restaurant,,0,0,0,0,0,0,1,1,0.8,78,1,Jan-10,100,
PUN,PUN,Punta Mita,Punta Mita - Tail of the Whale (Golf Club),Americas,Bar,,0,0,0,0,0,0,1,1,0.5,78,0,Jan-00,100,
PUN,PUN,Punta Mita,Punta Mita - Tamai,Americas,Restaurant,,0,0,0,0,0,0,1,1,0.8,78,1,Jan-10,100,
RIY,RIY,Riyadh,Riyadh - Elements,EMEA,Restaurant,,1,1,1,1,1,1,1,1,0.8,53.6,1,Jan-10,100,
RIY,RIY,Riyadh,Riyadh - Lobby Lounge,EMEA,Bar,,1,1,1,1,1,1,1,1,0.8,53.6,1,Jan-10,100,
RIY,RIY,Riyadh,Riyadh - ROSSO,EMEA,Restaurant,,1,0,0,0,0,0.2,1,1,0.8,53.6,1,Jan-10,100,
RIY,RIY,Riyadh,Riyadh - The Grill,EMEA,Restaurant,,1,1,1,1,1,1,1,1,0.8,53.6,1,Jan-10,100,
RSN,RSN,Singapore (Regent),Singapore (Regent) - Basilico,APAC,Restaurant,,1,0,1,1,1,0.8,1,1,0.8,0,1,Jan-10,100,
RSN,RSN,Singapore (Regent),Singapore (Regent) - Dolcetto,APAC,Restaurant,,1,1,1,1,1,1,1,1,1,0,2,Jan-18,100,
RSN,RSN,Singapore (Regent),Singapore (Regent) - Manhattan,APAC,Restaurant,,1,1,1,1,1,1,1,1,1,0,2,Jan-18,100,
RSN,RSN,Singapore (Regent),Singapore (Regent) - Regent Club,APAC,Bar,,1,0,1,1,1,0.8,1,0,0.4,0,0,Jan-00,100,
RSN,RSN,Singapore (Regent),Singapore (Regent) - Summer Palace,APAC,Restaurant,,1,0,1,1,0,0.6,0,0,0,0,0,Jan-00,100,
RSN,RSN,Singapore (Regent),Singapore (Regent) - Tea Lounge,APAC,Bar,,1,1,1,1,1,1,1,1,1,0,2,Jan-18,100,
SAB,SAB,Santa Barbara,Santa Barbara - Bella Vista,Americas,Restaurant,,0,1,0,0,0,0.2,1,1,0.8,66.7,1,Jan-10,100,
SAB,SAB,Santa Barbara,Santa Barbara - Coral Café,Americas,Restaurant,,0,0,0,0,0,0,1,1,0.8,66.7,1,Jan-10,100,
SAB,SAB,Santa Barbara,Santa Barbara - Fins,Americas,Restaurant,,0,0,0,0,0,0,1,1,0.8,66.7,1,Jan-10,100,
SAB,SAB,Santa Barbara,Santa Barbara - Ty Lounge,Americas,Bar,,1,1,0,1,1,0.8,1,1,0.8,66.7,1,Jan-10,100,
SAB,SAB,Santa Barbara,Santa Barbara - Tydes,Americas,Restaurant,,0,1,0,0,0,0.2,1,1,0.8,66.7,1,Jan-10,100,
SBT,SBT,"Tanzania Safari Lodge","Tanzania Safari Lodge - Boma",EMEA,Restaurant,,1,1,0,1,1,0.8,1,1,1,91.8,2,Jan-18,100,
SBT,SBT,"Tanzania Safari Lodge","Tanzania Safari Lodge - Kula's",EMEA,Restaurant,,1,1,0,1,1,0.8,1,1,1,91.8,2,Jan-18,100,
SBT,SBT,"Tanzania Safari Lodge","Tanzania Safari Lodge - Maji Bar & Lounge",EMEA,#N/A,,#N/A,#N/A,#N/A,#N/A,#N/A,#N/A,1,1,1,91.8,2,Jan-18,100,
SCO,SCO,Scottsdale,Scottsdale - Onyx,Americas,Bar,,0,0,0,0,0,0,1,1,0.8,70.4,1,Jan-10,100,
SCO,SCO,Scottsdale,Scottsdale - Proof,Americas,Restaurant,,1,1,1,1,1,1,1,1,1,70.4,2,Jan-18,100,
SCO,SCO,Scottsdale,Scottsdale - Saguaro Blossom,Americas,Restaurant,,0,0,0,0,0,0,1,1,0.8,70.4,1,Jan-10,100,
SCO,SCO,Scottsdale,Scottsdale - Talevera,Americas,Restaurant,,0,0,0,0,0,0,1,1,1,70.4,2,Jan-18,100,
SDI,SDI,Seychelles at Desroches Island,Seychelles at Desroches Island - Claudine,EMEA,Restaurant,,1,1,,1,1,0.8,1,1,1,85.7,2,Jan-18,100,
SDI,SDI,Seychelles at Desroches Island,Seychelles at Desroches Island - Lighthouse Lounge,EMEA,Bar,,1,1,,1,1,0.8,1,1,1,85.7,2,Jan-18,100,
SDI,SDI,Seychelles at Desroches Island,Seychelles at Desroches Island - The Bar,EMEA,Bar,,1,1,,1,1,0.8,1,1,1,85.7,2,Jan-18,100,
SDI,SDI,Seychelles at Desroches Island,Seychelles at Desroches Island - The Beach Bar,EMEA,Bar,,1,1,,1,1,0.8,1,1,1,85.7,2,Jan-18,100,
SDI,SDI,Seychelles at Desroches Island,Seychelles at Desroches Island - The Deli,EMEA,Restaurant,,1,1,,1,1,0.8,1,1,1,85.7,2,Jan-18,100,
SDI,SDI,Seychelles at Desroches Island,Seychelles at Desroches Island - The Lighthouse,EMEA,Restaurant,,1,1,,1,1,0.8,1,1,1,85.7,2,Jan-18,100,
SEW,SEW,Seattle,Seattle - Goldfinch Tavern,Americas,Restaurant,,1,1,1,1,1,1,1,1,1,82.5,2,Jan-18,100,
SEY,SEY,Seychelles,Seychelles - Kannel Bar,EMEA,Bar,,1,1,0,1,1,0.8,1,1,0.8,63.5,1,Jan-10,100,
SEY,SEY,Seychelles,Seychelles - Kannel Restaurant,EMEA,Restaurant,,1,1,0,1,1,0.8,1,1,0.8,63.5,1,Jan-10,100,
SEY,SEY,Seychelles,Seychelles - Zez Bar,EMEA,Bar,,1,1,0,1,1,0.8,1,1,0.8,63.5,1,Jan-10,100,
SEY,SEY,Seychelles,Seychelles - Zez Restaurant,EMEA,Restaurant,,1,1,0,1,1,0.8,1,1,0.8,63.5,1,Jan-10,100,
SFR,SFR,San Francisco,San Francisco - MKT Bar,Americas,Bar,,1,1,0,0,1,0.6,1,1,1,74.8,2,Jan-18,100,
SFR,SFR,San Francisco,San Francisco - MKT Restaurant,Americas,Restaurant,,1,1,0,0,0,0.4,1,1,1,74.8,2,Jan-18,100,
SHA,SHA,Sharm El Sheikh,Sharm El Sheikh - Arabesque,EMEA,Restaurant,,1,1,0,0,0,0.4,1,1,0.5,74.7,0,Jan-00,100,
SHA,SHA,Sharm El Sheikh,Sharm El Sheikh - Citadel,EMEA,Bar,,1,0,0,0,0,0.2,0,0.5,0.05,74.7,0,Jan-00,100,
SHA,SHA,Sharm El Sheikh,Sharm El Sheikh - Gezirah Pool Restaurant,EMEA,Restaurant,,1,1,0,0,1,0.6,0,0,0,74.7,0,Jan-00,100,
SHA,SHA,Sharm El Sheikh,Sharm El Sheikh - Il Frantoio,EMEA,Restaurant,,1,0,0,0,0,0.2,1,0.5,0.45,74.7,0,Jan-00,100,
SHA,SHA,Sharm El Sheikh,Sharm El Sheikh - Nafoura Lounge,EMEA,Bar,,1,1,0,0,1,0.6,0,0,0,74.7,0,Jan-00,100,
SHA,SHA,Sharm El Sheikh,Sharm El Sheikh - Reef Grill,EMEA,Restaurant,,1,1,0,0,1,0.6,0,0,0,74.7,1,Jan-10,100,
SHA,SHA,Sharm El Sheikh,Sharm El Sheikh - Sails Lounge,EMEA,Restaurant,,1,1,0,0,1,0.6,0,0.5,0.08,74.7,1,Jan-10,100,
SHG,SHG,Shanghai Puxi,Shanghai Puxi - Café Studio,APAC,Restaurant,,0,0,0,0,0,0,0,0.5,0.1,59.4,2,Jan-18,100,
SHG,SHG,Shanghai Puxi,Shanghai Puxi - Executive Club,APAC,Bar,,0,0,0,0,0,0,0,0,0,59.4,0,Jan-00,100,
SHG,SHG,Shanghai Puxi,Shanghai Puxi - Lobby Lounge,APAC,Bar,,1,1,1,0,0,0.6,1,1,1,59.4,2,Jan-18,100,
SHG,SHG,Shanghai Puxi,Shanghai Puxi - Shintaro,APAC,Restaurant,,0,0,0,0,0,0,0,1,0.1,59.4,0,Jan-00,100,
SHG,SHG,Shanghai Puxi,Shanghai Puxi - Si Ji Xuan,APAC,Restaurant,,0,0,0,0,0,0,0,1,0.1,59.4,0,Jan-00,100,
SHG,SHG,Shanghai Puxi,Shanghai Puxi - Steak House,APAC,Restaurant,,0,0,0,0,0,0,0,1,0.1,59.4,0,Jan-00,100,
SIN,SIN,Singapore,Singapore - 190 Restaurant,APAC,Restaurant,,0,1,1,1,1,0.8,1,0.5,0.45,72.9,0,Jan-00,100,
SIN,SIN,Singapore,Singapore - Jiang Nan Chun,APAC,Restaurant,,1,1,1,1,1,1,1,1,1,72.9,2,Jan-18,100,
SIN,SIN,Singapore,Singapore - The Bar @ 190,APAC,Bar,,0,1,0,1,0,0.4,1,1,1,72.9,2,Jan-18,100,
SKO,SKO,Seoul,Seoul - Chinese Restaurant,APAC,Restaurant,,1,1,1,1,1,1,1,1,1,81.7,2,Jan-18,100,
SKO,SKO,Seoul,Seoul - Italian Bar,APAC,Bar,,1,0,0,0,0,0.2,1,1,1,81.7,2,Jan-18,100,
SKO,SKO,Seoul,Seoul - Italian Restaurant,APAC,Restaurant,,1,0,1,1,1,0.8,1,1,1,81.7,2,Jan-18,100,
SKO,SKO,Seoul,Seoul - Japanese Restaurant,APAC,Restaurant,,1,1,0,0,0,0.4,1,1,1,81.7,2,Jan-18,100,
SKO,SKO,Seoul,Seoul - Juice Bar,APAC,Restaurant,,1,1,1,1,1,1,1,1,1,81.7,2,Jan-18,100,
SKO,SKO,Seoul,Seoul - Lobby Lounge,APAC,Bar,,1,1,1,1,1,1,1,1,1,81.7,2,Jan-18,100,
SKO,SKO,Seoul,Seoul - Market Place,APAC,Restaurant,,1,1,1,1,1,1,1,1,1,81.7,2,Jan-18,100,
SKO,SKO,Seoul,Seoul - Pastry Shop,APAC,Restaurant,,1,1,1,1,1,1,1,1,1,81.7,2,Jan-18,100,
SKO,SKO,Seoul,Seoul - Speakeasy Bar,APAC,Bar,,1,1,1,1,1,1,1,1,1,81.7,2,Jan-18,100,
SPT,SPT,St. Petersburg,St. Petersburg - Percorso,EMEA,Restaurant,,1,1,1,1,1,1,1,1,1,85.3,2,Jan-18,100,
SPT,SPT,St. Petersburg,St. Petersburg - Sintoho,EMEA,Restaurant,,1,1,1,1,1,1,1,1,1,85.3,2,Jan-18,100,
SPT,SPT,St. Petersburg,St. Petersburg - Tea Lounge,EMEA,Bar,,1,1,1,1,1,1,1,1,1,85.3,2,Jan-18,100,
SPT,SPT,St. Petersburg,St. Petersburg - Xander Bar,EMEA,Bar,,1,1,1,1,1,1,1,1,1,85.3,2,Jan-18,100,
SSF,SSF,Santa Fe,Santa Fe - Terra,Americas,Restaurant,,1,1,0,1,0,0.6,1,0.5,0.72,69.8,1,Jan-10,100,
SSF,SSF,Santa Fe,Santa Fe - Terra Bar,Americas,Bar,,1,1,0,1,0,0.6,1,0.5,0.72,69.8,1,Jan-10,100,
STL,STL,St. Louis,St. Louis - Cielo Bar,Americas,Bar,,0,1,0,0,0,0.2,1,1,0.8,74,1,Jan-10,100,
STL,STL,St. Louis,St. Louis - Cielo Restaurant,Americas,Restaurant,,0,1,0,0,0,0.2,1,1,0.8,74,1,Jan-10,100,
SYD,SYD,Sydney,Sydney - Grain,APAC,Bar,,1,0,1,1,1,0.8,1,1,1,47.8,2,Jan-18,100,
SYD,SYD,Sydney,Sydney - Mode Kitchen & Bar,APAC,Restaurant,,1,1,1,1,1,1,0,0.5,0.1,47.8,2,Jan-18,100,
SZH,SZH,Shenzhen,Shenzhen - FOO,APAC,Restaurant,,1,0,1,1,1,0.8,1,1,1,75.1,2,Jan-18,100,
SZH,SZH,Shenzhen,Shenzhen - Izakaya Japanese Restaurant,APAC,0,,0,0,0,0,0,0,1,1,1,75.1,2,Jan-18,100,
SZH,SZH,Shenzhen,Shenzhen - Yi Bar & Lounge,APAC,Bar,,0,0,0,0,0,0,1,1,1,75.1,2,Jan-18,100,
SZH,SZH,Shenzhen,Shenzhen - Zhuo Yue Xuan,APAC,Restaurant,,1,0,1,1,0,0.6,1,1,1,75.1,2,Jan-18,100,
TFY,TFY,Toronto,Toronto - Café Boulud,Americas,Restaurant,,1,1,1,1,1,1,1,1,1,79.3,2,Jan-18,100,
TFY,TFY,Toronto,Toronto - D Bar,Americas,Bar,,1,1,1,1,1,1,1,1,1,79.3,2,Jan-18,100,
TNJ,TNJ,Tianjin,Tianjin - Cielo,APAC,Restaurant,,1,0,1,1,1,0.8,1,1,1,74.6,2,Jan-18,100,
TNJ,TNJ,Tianjin,Tianjin - Executive Lounge,APAC,Bar,,1,1,1,1,1,1,1,1,1,74.6,2,Jan-18,100,
TNJ,TNJ,Tianjin,Tianjin - Gusto,APAC,Bar,,1,1,1,1,1,1,1,1,1,74.6,2,Jan-18,100,
TNJ,TNJ,Tianjin,Tianjin - Jin House,APAC,Restaurant,,0,0,1,0,0,0.2,1,1,1,74.6,2,Jan-18,100,
TNJ,TNJ,Tianjin,Tianjin - La Sala,APAC,Bar,,1,0,1,1,0,0.6,1,1,1,74.6,2,Jan-18,100,
TRI,TRI,London at Ten Trinity,London at Ten Trinity - Chateau Latour Dining Room(Private Club),EMEA,Restaurant,,0,0,0,0,0,0,1,1,1,79.6,2,Jan-18,100,
TRI,TRI,London at Ten Trinity,London at Ten Trinity - Chateau Latour Discovery (Private Club),EMEA,Restaurant,,0,0,0,0,0,0,1,1,1,79.6,2,Jan-18,100,
TRI,TRI,London at Ten Trinity,London at Ten Trinity - La Dame de Pic,EMEA,Restaurant,,1,1,1,1,1,1,1,1,1,79.6,2,Jan-18,100,
TRI,TRI,London at Ten Trinity,London at Ten Trinity - La Dame de Pic (Breakfast),EMEA,Restaurant,,0,0,0,0,0,0,1,1,1,79.6,2,Jan-18,100,
TRI,TRI,London at Ten Trinity,London at Ten Trinity - Mei Ume,EMEA,Restaurant,,1,1,1,1,1,1,1,1,1,79.6,2,Jan-18,100,
TRI,TRI,London at Ten Trinity,London at Ten Trinity - Rotunda Bar & Lounge,EMEA,Bar,,1,0,0,1,0,0.4,1,1,1,79.6,2,Jan-18,100,
TSH,TSH,Tunis,Tunis - Azur,EMEA,Restaurant,,1,1,1,1,1,1,1,1,1,52.6,2,Jan-18,100,
TSH,TSH,Tunis,Tunis - BLU Bar & Grill,EMEA,Bar,,1,1,1,1,1,1,1,0.5,0.9,52.6,2,Jan-18,100,
TSH,TSH,Tunis,Tunis - Salon Alyssa,EMEA,Restaurant,,1,1,1,1,1,1,1,1,1,52.6,2,Jan-18,100,
TSH,TSH,Tunis,Tunis - The CREEK Bistro Chic,EMEA,Restaurant,,1,1,1,1,1,1,1,1,1,52.6,2,Jan-18,100,
TSH,TSH,Tunis,Tunis - The Creek Lounge,EMEA,Restaurant,,1,1,1,1,1,1,1,1,1,52.6,2,Jan-18,100,
UBU,UBU,Bali at Sayan,Bali at Sayan - Ayung Terrace Restaurant,APAC,Restaurant,,1,1,0,1,1,0.8,1,1,1,87.1,2,Jan-18,100,
UBU,UBU,Bali at Sayan,Bali at Sayan - Jati Bar,APAC,Bar,,1,0,0,0,1,0.4,1,1,1,87.1,2,Jan-18,100,
UBU,UBU,Bali at Sayan,Bali at Sayan - River Side Café,APAC,Restaurant,,1,1,0,1,0,0.6,1,0.5,0.45,87.1,0,Jan-00,100,
VAI,VAI,Vail,Vail - Bean and Gone,Americas,Restaurant,,0,0,0,0,0,0,1,1,1,75.8,2,Jan-18,100,
VAI,VAI,Vail,Vail - Flame,Americas,Restaurant,,1,0,0,0,0,0.2,1,1,0.8,75.8,1,Jan-10,100,
VAI,VAI,Vail,Vail - The Remedy,Americas,Bar,,1,1,0,1,1,0.8,1,1,1,75.8,2,Jan-18,100,
VCR,VCR,Vancouver,Vancouver - RMS Catering,Americas,Restaurant,,0,0,0,0,0,0,1,1,0.5,65.4,0,,100,
VCR,VCR,Vancouver,Vancouver - Yew Bar,Americas,Bar,,1,1,1,1,1,1,1,1,0.8,65.4,1,Jan-10,100,
VCR,VCR,Vancouver,Vancouver - Yew Restaurant,Americas,Restaurant,,1,1,1,1,1,1,1,1,0.8,65.4,1,Jan-10,100,
VGS,VGS,Las Vegas,Las Vegas - Pool,Americas,Bar,,0,0,0,0,0,0,1,1,1,79.7,2,Jan-18,100,
VGS,VGS,Las Vegas,Las Vegas - Press,Americas,Bar,,1,1,0,0,1,0.6,0.5,0.5,0.5,79.7,2,Jan-18,100,
VGS,VGS,Las Vegas,Las Vegas - Veranda,Americas,Restaurant,,1,0,0,0,0,0.2,1,1,1,79.7,2,Jan-18,100,
WAS,WAS,Washington,Washington - Bourbon,Americas,Restaurant,,1,1,1,1,1,1,1,1,0.8,85.2,1,Jan-10,100,
WAS,WAS,Washington,Washington - Bourbon Bar,Americas,Bar,,1,1,1,1,1,1,1,1,0.8,85.2,1,Jan-10,100,
WAS,WAS,Washington,Washington - ENO,Americas,Bar,,1,1,1,1,0,0.8,0,0,0,85.2,1,Jan-10,100,
WAS,WAS,Washington,Washington - SEASONS,Americas,Restaurant,,0,0,0,0,0,0,1,0.5,0.9,85.2,2,Jan-18,100,
WES,WES,Westlake,Westlake - Hamptons,Americas,Restaurant,,0,0,0,0,0,0,1,1,0.5,72.5,0,Jan-00,100,
WES,WES,Westlake,Westlake - Lobby Lounge,Americas,Bar,,0,0,0,0,0,0,1,1,0.5,72.5,0,Jan-00,100,
WES,WES,Westlake,Westlake - Onyx,Americas,Restaurant,,1,1,0,1,0,0.6,1,1,0.5,72.5,0,Jan-00,100,
WES,WES,Westlake,Westlake - Stir,Americas,Bar,,0,0,0,0,0,0,1,1,1,72.5,2,Jan-18,100,
WES,WES,Westlake,Westlake - Tasting Room,Americas,Bar,,0,0,0,0,0,0,1,1,0.5,72.5,0,Jan-00,100,
WHI,WHI,Whistler,Whistler - Sidecut,Americas,Restaurant,,1,0,0,0,0,0.2,1,1,0.5,63.9,0,Jan-00,100,
WHI,WHI,Whistler,Whistler - Sidecut Bar,Americas,Bar,,1,0,0,0,0,0.2,1,1,0.5,63.9,0,Jan-00,100,
ZZZ,AMM,Amman,Amman - Pool Bar & Grill,EMEA,Bar,x,1,0,0,0,1,0.4,1,1,0.5,55.6,0,Jan-00,100,
ZZZ,AIL,Anguilla,Anguilla - Aleta,Americas,Restaurant,x,,,,,,0,,,0,81,0,,100,
ZZZ,ATL,Atlanta,Atlanta - Park 75,Americas,Restaurant,x,0,0,0,0,0,0,0,1,0.1,63.5,0,Jan-00,100,
ZZZ,AUS,Austin,Austin - Pool,Americas,Bar,x,0,0,0,0,0,0,1,1,0.8,78.4,1,Jan-10,100,
ZZZ,BOC,Bahamas Ocean Club,Bahamas Ocean Club - Versailles Terrace,Americas,Restaurant,x,0,0,0,0,0,0,1,0.5,0.9,30.1,2,Jan-18,100,
ZZZ,BAH,Bahrain,Bahrain - FS Outside Catering,EMEA,Restaurant,x,0,0,0,0,0,0,1,1,1,74.5,2,Jan-18,100,
ZZZ,BKU,Baku,Baku - Kaspia Restaurant,EMEA,#N/A,x,#N/A,#N/A,#N/A,#N/A,#N/A,#N/A,1,1,1,80.4,2,Jan-18,100,
ZZZ,BLT,Baltimore,Baltimore - Pool,Americas,Bar,x,0,1,0,0,0,0.2,0,0,0,83.2,1,Jan-10,100,
ZZZ,BEV,Beverly Wilshire,Beverly Wilshire - Pool,Americas,Bar,x,0,0,0,0,0,0,,,0,64.2,2,Jan-18,100,
ZZZ,BOR,Bora Bora,Bora Bora - Other Venue,Americas,Restaurant,x,0,0,0,0,0,0,,,0,80.2,0,Jan-00,100,
ZZZ,BUE,Buenos Aires,Buenos Aires - Pool,Americas,Bar,x,0,0,0,0,0,0,,,0,79.2,1,Jan-10,100,
ZZZ,CAF,Cairo - First Residence,Cairo - First Residence - Lai Thai,EMEA,0,x,0,0,0,0,0,0,,,0,74,0,,100,
ZZZ,CAF,Cairo - First Residence,Cairo - First Residence - Library Bar,EMEA,0,x,0,0,0,0,0,0,1,1,0.5,74,0,,100,
ZZZ,CAF,Cairo - First Residence,Cairo - First Residence - Strada,EMEA,0,x,0,0,0,0,0,0,,,0,74,0,,100,
ZZZ,CAI,Cairo - Nile Plaza,Cairo - Nile Plaza - Graffiti,EMEA,#N/A,x,#N/A,#N/A,#N/A,#N/A,#N/A,#N/A,0,0.5,0.08,58.3,1,Jan-10,100,
ZZZ,CAI,Cairo - Nile Plaza,Cairo - Nile Plaza - Pool,EMEA,Bar,x,1,0,0,0,0,0.2,1,0.5,0.45,58.3,0,Jan-00,100,
ZZZ,CBL,Casablanca,Casablanca - Bleu Restaurant,EMEA,#N/A,x,#N/A,#N/A,#N/A,#N/A,#N/A,#N/A,1,1,1,59.9,2,Jan-18,100,
ZZZ,COS,Costa Rica,Costa Rica - Beverage Cart,Americas,Bar,x,0,0,0,0,0,0,,,0,75.6,1,Jan-10,100,
ZZZ,COS,Costa Rica,Costa Rica - Burger Shack,Americas,Restaurant,x,0,0,0,0,0,0,0,,0,75.6,1,Jan-10,100,
ZZZ,COS,Costa Rica,Costa Rica - Pool and Beach,Americas,Bar,x,0,0,0,0,0,0,1,1,1,75.6,2,Jan-18,100,
ZZZ,DCC,Dallas,Dallas - Golf Course,Americas,Bar,x,0,0,0,0,0,0,,,0,81.8,1,Jan-10,100,
ZZZ,DCC,Dallas,Dallas - Member's Lounge,Americas,Bar,x,0,0,0,0,0,0,,,0,81.8,1,Jan-10,100,
ZZZ,DAM,Damascus,Damascus - Pool,EMEA,Bar,x,1,0,0,0,1,0.4,1,1,0.5,0,0,Jan-00,100,
ZZZ,DOH,Doha,Doha - Apres Spa Café,EMEA,Restaurant,x,1,1,1,0,1,0.8,1,1,0.5,73.8,0,Jan-00,100,
ZZZ,DOH,Doha,Doha - Shisha Terrace,EMEA,Bar,x,1,1,1,1,1,1,1,1,1,73.8,2,Jan-18,100,
ZZZ,DOH,Doha,Doha - The Pier,EMEA,Bar,x,1,1,1,1,1,1,0,0,0,73.8,2,Jan-18,100,
ZZZ,DIF,Dubai at DIFC,Dubai at DIFC - Pool,EMEA,Restaurant,x,1,1,1,1,1,1,1,1,1,58,2,Jan-18,100,
ZZZ,GEN,Geneva,Geneva - Ile Rousseau,EMEA,#N/A,x,#N/A,#N/A,#N/A,#N/A,#N/A,#N/A,1,1,1,83.7,2,Jan-18,100,
ZZZ,GEN,Geneva,Geneva - Lounge,EMEA,Bar,x,1,1,1,0,1,0.8,1,1,1,83.7,0,Jan-00,100,
ZZZ,HKG,Hong Kong Hotel,Hong Kong Hotel - Pool Terrace,APAC,Bar,x,1,1,1,1,1,1,1,1,0.5,73.5,0,Jan-00,100,
ZZZ,HFS,Houston Centre,Houston Centre - Pool,Americas,Bar,x,0,0,0,0,0,0,1,0,0.4,63,0,Jan-00,100,
ZZZ,BOP,Istanbul - Bosphorus,Istanbul - Bosphorus - Pool,EMEA,Bar,x,1,0,0,0,1,0.4,1,1,0.5,79,0,Jan-00,100,
ZZZ,JAC,Jackson Hole,Jackson Hole - Pool,Americas,Bar,x,0,0,0,0,0,0,1,1,0.5,76.6,0,Jan-00,100,
ZZZ,KON,Kona,Kona - Pools,Americas,Bar,x,0,0,0,0,0,0,,,0,71.7,1,Jan-10,100,
ZZZ,LAN,Langkawi,Langkawi - Pool & Beach,APAC,Bar,x,1,0,0,0,0,0.2,0,0,0,71.1,2,Jan-18,100,
ZZZ,LIS,Lisbon,Lisbon - SPA,EMEA,Restaurant,x,0,0,0,0,0,0,0,0,0,71.9,0,Jan-00,100,
ZZZ,TRI,London at Ten Trinity,London at Ten Trinity - Rotunda Lounge,EMEA,#N/A,x,#N/A,#N/A,#N/A,#N/A,#N/A,#N/A,1,1,1,79.6,2,Jan-18,100,
ZZZ,MAC,Macau,Macau - NEW Pan Chinese Restaurant,APAC,0,x,0,0,0,0,0,0,1,0.5,0.9,78.9,2,Jan-18,100,
ZZZ,MAC,Macau,Macau - NEW Speak Easy Bar,APAC,0,x,0,0,0,0,0,0,1,0.5,0.9,78.9,2,Jan-18,100,
ZZZ,MAL,Maldives - Kuda Huraa,Maldives - Kuda Huraa - Pool & Beach,APAC,Bar,x,1,1,1,1,1,1,1,0.5,0.45,84.8,0,Jan-00,100,
ZZZ,MRK,Marrakech,Marrakech - Zest,EMEA,#N/A,x,#N/A,#N/A,#N/A,#N/A,#N/A,#N/A,1,1,0.8,75.9,1,Jan-10,100,
ZZZ,MAU,Maui,Maui - Pool,Americas,Bar,x,0,0,0,0,0,0,1,1,0.8,76.2,1,Jan-10,100,
ZZZ,MAS,Mauritius,Mauritius - Pool & Beach,EMEA,Bar,x,1,1,0,1,1,0.8,1,1,0.8,58.9,1,Jan-10,100,
ZZZ,MVE,Megeve,Megeve - Wine Cellar (Not an outlet),EMEA,Bar,x,0,0,0,0,0,0,1,1,1,62.1,2,Jan-18,100,
ZZZ,MIL,Milan,Milan - Outside Catering,EMEA,Restaurant,x,0,0,0,0,0,0,1,1,0.5,78.1,0,Jan-00,100,
ZZZ,MIL,Milan,Milan (Regent Mgmt) - Teatro,EMEA,#N/A,x,#N/A,#N/A,#N/A,#N/A,#N/A,#N/A,1,1,0.5,78.1,0,Jan-00,100,
ZZZ,MUM,Mumbai,Mumbai - Pool Deck,APAC,Bar,x,1,1,1,1,1,1,1,1,0.5,59.8,0,Jan-00,100,
ZZZ,NEV,Nevis,Nevis - Golf Cart,Americas,0,x,0,0,0,0,0,0,0,0,0,52.8,0,Jan-00,100,
ZZZ,NEV,Nevis,Nevis - Pool and Beach,Americas,Bar,x,0,0,0,0,0,0,0,0,0,52.8,0,Jan-00,100,
ZZZ,ORL,Orlando,Orlando - Golf Carts,Americas,0,x,0,0,0,0,0,0,1,1,1,79.8,2,Jan-18,100,
ZZZ,PBF,Palm Beach,Palm Beach - Pool & Beach,Americas,Bar,x,0,0,0,0,0,0,1,1,1,54.8,2,Jan-18,100,
ZZZ,PAL,Palo Alto,Palo Alto - Pool - Seasonal,Americas,Bar,x,0,0,0,0,0,0,1,1,0.5,66.1,0,Jan-00,100,
ZZZ,PUN,Punta Mita,Punta Mita - Beverage Cart (Golf Club),Americas,Bar,x,0,0,0,0,0,0,,,0,78,0,,100,
ZZZ,PUN,Punta Mita,Punta Mita - Tennis Center,Americas,Restaurant,x,0,0,0,0,0,0,0,0,0,78,0,Jan-00,100,
ZZZ,SAB,Santa Barbara,Santa Barbara - Pool,Americas,Bar,x,0,0,0,0,0,0,1,0.5,0.72,66.7,1,Jan-10,100,
ZZZ,SSF,Santa Fe,Santa Fe - Pool,Americas,Bar,x,0,0,0,0,0,0,0,0,0,69.8,1,Jan-10,100,
ZZZ,SEW,Seattle,Seattle - Pool,Americas,Bar,x,0,0,0,0,0,0,0,0,0,82.5,2,Jan-18,100,
ZZZ,SHG,Shanghai Puxi,Shanghai Puxi - Outside Catering,APAC,0,x,0,0,0,0,0,0,,1,0.1,59.4,0,,100,
ZZZ,SHA,Sharm El Sheikh,Sharm El Sheikh - Waha Pool,EMEA,Restaurant,x,1,1,0,0,1,0.6,1,1,0.5,74.7,0,Jan-00,100,
ZZZ,SIN,Singapore,Singapore - Pool & Club,APAC,Bar,x,0,0,0,1,0,0.2,1,1,1,72.9,2,Jan-18,100,
ZZZ,STL,St. Louis,St. Louis - Pool,Americas,Bar,x,0,1,0,0,0,0.2,1,1,0.5,74,0,Jan-00,100,
ZZZ,MAR,Tokyo at Marunouchi,Tokyo at Marunouchi - EDR,APAC,0,x,0,0,0,0,0,0,1,1,1,63.1,2,Jan-18,100,
ZZZ,MAR,Tokyo at Marunouchi,Tokyo at Marunouchi - PDR I ,APAC,0,x,0,0,0,0,0,0,1,1,1,63.1,2,Jan-18,100,
ZZZ,MAR,Tokyo at Marunouchi,Tokyo at Marunouchi - PDR II,APAC,0,x,0,0,0,0,0,0,1,1,1,63.1,2,Jan-18,100,
ZZZ,VAI,Vail,Vail - Poolside,Americas,Bar,x,0,0,0,0,0,0,1,1,0.8,75.8,1,Jan-10,100,
ZZZ,WES,Westlake,Westlake - Pool,Americas,Bar,x,0,0,0,0,0,0,1,1,0.5,72.5,0,Jan-00,100,
ZZZ,WHI,Whistler,Whistler - Pool,Americas,Bar,x,0,0,0,0,0,0,1,1,0.5,63.9,0,Jan-00,100,
,,,,,,,,,,,,,,,,,,,,